question,context,answer
What is photosynthesis?,Photosynthesis is the process used by plants to convert sunlight into energy.,The process used by plants to convert sunlight into energy
What is an ecosystem?,An ecosystem is a community of living organisms interacting with their physical environment.,A community of living organisms interacting with their environment
What is evolution?,Evolution is the process by which species change over time through natural selection.,The process by which species change over time
When did the American Civil War end?,The American Civil War ended in 1865 when the Confederate forces surrendered.,1865
Who was the first President of the United States?,"George Washington was the first President of the United States, serving from 1789 to 1797.",George Washington
When did World War I begin?,World War I began in 1914 and lasted until 1918.,1914
What is the longest river in the world?,"The Nile River is generally considered the longest river in the world, flowing through northeastern Africa.",The Nile River
What is the highest mountain in the world?,"Mount Everest is the highest mountain in the world, located in the Himalayas.",Mount Everest
What is the largest country by area?,"Russia is the largest country in the world by land area, covering over 17 million square kilometers.",Russia
