question,context,answer
What is the capital of France?,"France is a country in Europe. Paris is the capital and largest city of France. It is located in the north-central part of the country and serves as the political, economic, and cultural center. Paris has a population of over 2 million people.",Paris
Who wrote Romeo and Juliet?,"William Shakespeare was an English playwright and poet who lived from 1564 to 1616. He wrote many famous plays including Romeo and Juliet, Hamlet, Macbeth, and Othello during the Elizabethan era. Romeo and Juliet is a tragedy about young star-crossed lovers.",William Shakespeare
What is machine learning?,"Machine learning is a subset of artificial intelligence that enables computers to learn and improve from experience without being explicitly programmed. It uses algorithms to analyze data, identify patterns, and make predictions or decisions.",A subset of artificial intelligence that enables computers to learn from data
What is the largest planet in our solar system?,"Jupiter is the largest planet in our solar system. It is a gas giant with a mass more than twice that of all other planets combined. Jupiter has a distinctive Great Red Spot, which is a giant storm, and has over 80 known moons.",Jupiter
Who painted the Mona Lisa?,"Leonardo da Vinci was an Italian Renaissance artist, inventor, and scientist who lived from 1452 to 1519. He painted the famous Mona Lisa portrait between 1503 and 1519. The painting is now housed in the Louvre Museum in Paris and is considered one of the most famous artworks in the world.",Leonardo da Vinci
What is photosynthesis?,"Photosynthesis is the process by which plants and other organisms convert light energy, usually from the sun, into chemical energy. This process occurs in chloroplasts and produces glucose and oxygen from carbon dioxide and water using chlorophyll.",The process by which plants convert light energy into chemical energy
When did World War II end?,"World War II was a global conflict that lasted from 1939 to 1945. The war in Europe ended on May 8, 1945, when Germany surrendered to the Allied forces. The war in the Pacific ended on September 2, 1945, after Japan surrendered following the atomic bombings of Hiroshima and Nagasaki.",1945
What is DNA?,"DNA (Deoxyribonucleic acid) is a molecule that carries genetic information in living organisms. It consists of two strands forming a double helix structure and contains instructions for the development, functioning, and reproduction of all known life forms.",A molecule that carries genetic information
What is the speed of light?,"The speed of light in a vacuum is approximately 299,792,458 meters per second, often rounded to 300,000 kilometers per second. This is a fundamental physical constant denoted by the letter c. Nothing with mass can travel faster than the speed of light.","299,792,458 meters per second"
Who invented the telephone?,"Alexander Graham Bell is credited with inventing the telephone in 1876. Bell was a Scottish-American inventor and scientist who was working on improving the telegraph when he developed the first practical telephone. He received the first US patent for the telephone on March 7, 1876.",Alexander Graham Bell
What is the chemical formula for water?,Water is a chemical compound consisting of two hydrogen atoms and one oxygen atom. Its chemical formula is H2O. Water is essential for all known forms of life and covers about 71% of Earth's surface.,H2O
What is gravity?,"Gravity is a fundamental force of nature that attracts objects with mass toward each other. On Earth, gravity gives weight to physical objects and causes them to fall toward the ground when dropped. The strength of gravity depends on the mass of the objects and the distance between them.",A fundamental force that attracts objects with mass toward each other
Who was the first person to walk on the moon?,"Neil Armstrong was the first person to walk on the moon. He stepped onto the lunar surface on July 20, 1969, during the Apollo 11 mission. His famous words upon stepping onto the moon were ""That's one small step for man, one giant leap for mankind.""",Neil Armstrong
What is the boiling point of water?,"The boiling point of water is 100 degrees Celsius (212 degrees Fahrenheit) at standard atmospheric pressure (1 atmosphere or 101.325 kPa). At this temperature, water changes from liquid to gas (steam). The boiling point can vary with altitude and pressure.",100 degrees Celsius
What is the smallest unit of matter?,"An atom is the smallest unit of ordinary matter that forms a chemical element. Atoms consist of a nucleus containing protons and neutrons, surrounded by electrons. Every solid, liquid, gas, and plasma is composed of neutral or ionized atoms.",Atom
"Who wrote ""To Kill a Mockingbird""?","Harper Lee wrote the novel ""To Kill a Mockingbird,"" which was published in 1960. The book won the Pulitzer Prize for Fiction in 1961 and became a classic of modern American literature. It deals with issues of racial injustice and moral growth.",Harper Lee
What is the largest ocean on Earth?,"The Pacific Ocean is the largest ocean on Earth, covering about one-third of the planet's surface. It extends from the Arctic to the Southern Ocean and is bounded by Asia and Australia on the west and the Americas on the east.",Pacific Ocean
What is artificial intelligence?,"Artificial Intelligence (AI) is the simulation of human intelligence in machines that are programmed to think and learn like humans. AI systems can perform tasks that typically require human intelligence, such as visual perception, speech recognition, decision-making, and language translation.",The simulation of human intelligence in machines
What is the periodic table?,"The periodic table is a tabular arrangement of chemical elements, ordered by their atomic number (number of protons). Elements with similar properties are grouped together in columns called groups or families. It was first developed by Dmitri Mendeleev in 1869.",A tabular arrangement of chemical elements ordered by atomic number
What causes seasons on Earth?,"Seasons on Earth are caused by the tilt of Earth's axis as it orbits the sun. The Earth's axis is tilted at about 23.5 degrees. When a hemisphere is tilted toward the sun, it experiences summer, and when tilted away, it experiences winter.",The tilt of Earth's axis as it orbits the sun
