[
  {
    "question": "What is the capital of France?",
    "expected_answer": "Paris",
    "generated_answer": "I can answer questions based on the provided context.",
    "retrieved_docs": [
      "Paris is the capital and largest city of France. It is located in the north-central part of the country.",
      "France is a country in Western Europe. Its capital is Paris and it has a population of about 67 million people.",
      "The French Revolution began in 1789 and transformed France from a monarchy to a republic."
    ],
    "generation_time": 1.3113021850585938e-05,
    "metrics": {
      "word_overlap": 0.0,
      "answer_length": 9,
      "contains_expected": false
    },
    "timestamp": 1750711843.3822746
  },
  {
    "question": "Who wrote Romeo and Juliet?",
    "expected_answer": "William Shakespeare",
    "generated_answer": "Romeo and Juliet was written by William Shakespeare.",
    "retrieved_docs": [
      "Romeo and Juliet is a tragedy written by William Shakespeare early in his career about two young star-crossed lovers.",
      "William Shakespeare was an English playwright, poet, and actor. He wrote Romeo and Juliet, one of his most famous tragedies.",
      "Shakespeare wrote many plays including Hamlet, Macbeth, and King Lear in addition to Romeo and Juliet."
    ],
    "generation_time": 1.0013580322265625e-05,
    "metrics": {
      "word_overlap": 0.5,
      "answer_length": 8,
      "contains_expected": true
    },
    "timestamp": 1750711843.7556207
  },
  {
    "question": "What is the Eiffel Tower?",
    "expected_answer": "A famous landmark in Paris",
    "generated_answer": "The Eiffel Tower is a famous landmark in Paris, France.",
    "retrieved_docs": [
      "The Eiffel Tower is a famous landmark in Paris, France. It was built in 1889 and stands 324 meters tall.",
      "Paris is the capital and largest city of France. It is located in the north-central part of the country.",
      "France is a country in Western Europe. Its capital is Paris and it has a population of about 67 million people."
    ],
    "generation_time": 1.1920928955078125e-05,
    "metrics": {
      "word_overlap": 0.8,
      "answer_length": 10,
      "contains_expected": true
    },
    "timestamp": 1750711844.0944366
  },
  {
    "question": "When was the French Revolution?",
    "expected_answer": "1789",
    "generated_answer": "I can answer questions based on the provided context.",
    "retrieved_docs": [
      "The French Revolution began in 1789 and transformed France from a monarchy to a republic.",
      "France is a country in Western Europe. Its capital is Paris and it has a population of about 67 million people.",
      "Paris is the capital and largest city of France. It is located in the north-central part of the country."
    ],
    "generation_time": 1.1920928955078125e-05,
    "metrics": {
      "word_overlap": 0.0,
      "answer_length": 9,
      "contains_expected": false
    },
    "timestamp": 1750711844.425925
  },
  {
    "question": "When did Shakespeare live?",
    "expected_answer": "1564 to 1616",
    "generated_answer": "Romeo and Juliet was written by William Shakespeare.",
    "retrieved_docs": [
      "Shakespeare lived from 1564 to 1616 and is considered one of the greatest writers in the English language.",
      "William Shakespeare was an English playwright, poet, and actor. He wrote Romeo and Juliet, one of his most famous tragedies.",
      "Shakespeare wrote many plays including Hamlet, Macbeth, and King Lear in addition to Romeo and Juliet."
    ],
    "generation_time": 1.049041748046875e-05,
    "metrics": {
      "word_overlap": 0.0,
      "answer_length": 8,
      "contains_expected": false
    },
    "timestamp": 1750711844.7550416
  }
]